Accountant,Administration Professionals
Accounts Assistant,Administration Professionals
Accounts Clerk,Administration Professionals
Administrative Assistant,Administration Professionals
Assistant Monitoring and Evalutaion Officer,Administration Professionals
Capacity Development Advisor,Administration Professionals
Care and Treatment Advisor,Administration Professionals
Care and Treatment Manager,Administration Professionals
Center Program Mamanager,Administration Professionals
Center Programme Manager ,Administration Professionals
Centre Program Assistant,Administration Professionals
Centre Program Manager,Administration Professionals
Chief Finance ,Administration Professionals
Chief Human Resource and Administration,Administration Professionals
Chief Internal Auditor and Compliance,Administration Professionals
Chief Program Management and Capacity Development,Administration Professionals
Child and Adolescent Counsellor,Administration Professionals
Client Relations and Linkages Assistant,Administration Professionals
Cluster Accountant,Administration Professionals
Communication Networking and Documentation Specialist,Administration Professionals
Communication Policy  Public Relations Administrator,Administration Professionals
Community Linkages Assistant,Administration Professionals
Community Linkages Specilaist,Administration Professionals
Community Systems Strengthening Manager,Administration Professionals
Community Systems Strenthening Manager,Administration Professionals
Commuunication Document Knowledge Management and Parternship Specialist,Administration Professionals
Compliance Officer,Administration Professionals
Data Assistant,Administration Professionals
Data Entry and Administration Assistant,Administration Professionals
Direcctor Technical Services,Administration Professionals
Director Finance and Operations,Administration Professionals
Director Finance Management and Operations,Administration Professionals
Director Monitoring Evaluation and Learning,Administration Professionals
Director Technical Service,Administration Professionals
Director Technical Services,Administration Professionals
District Project Officer,Administration Professionals
DREAMS Data Assistant,Administration Professionals
DREAMS Technical Assistant,Administration Professionals
DREAMS Technical Officer,Administration Professionals
Driver,Administration Professionals
Executive Assistant,Administration Professionals
Executive Director,Administration Professionals
Finance and Operations Assistant,Administration Professionals
Finance and Operations Manager,Administration Professionals
Finance and Operations Officer,Administration Professionals
Finance Manager,Administration Professionals
Financial Accountant,Administration Professionals
Fiscal Administrator,Administration Professionals
Fleet Management Assistant,Administration Professionals
Fleet Management Support Officer,Administration Professionals
Grants Management Advisor,Administration Professionals
Grants Management and Compliance Special,Administration Professionals
Health Systems Advisor,Administration Professionals
HIV Care and Treatment Technical Lead,Administration Professionals
HIV Prevention and Community Link Project Officer,Administration Professionals
HIV Prevention Manager,Administration Professionals
HIV Prevention Officer,Administration Professionals
HIV Prevention Officer(VMMC),Administration Professionals
HIV Prevention Specialist,Administration Professionals
HIV Prevention Technical Advisor,Administration Professionals
HIV-AIDS Senior Technical Advisor Psychosocial and Community Ssystems Strengthening,Administration Professionals
Human Resiurce and Administration Specilaist,Administration Professionals
Human Resouce and Administration Officer,Administration Professionals
Human Resource Manager,Administration Professionals
Human Resource Operations Officer,Administration Professionals
Human Resources Officer,Administration Professionals
Human Resources Specialist,Administration Professionals
Information Mgt Officer,Administration Professionals
Information Technology Assistant,Administration Professionals
Information Technology Officer,Administration Professionals
Information Technology Specialist,Administration Professionals
Internal Auditor,Administration Professionals
"Key Population, Priority Populations  Project Officer",Administration Professionals
"Key Population, Priority Populations  Technical Officer",Administration Professionals
"Key Population, Priority Populations Technical Specialist",Administration Professionals
"Manager Advocacy, commnunication and partnerships",Administration Professionals
Moitoring Evaluation and Learning  Director,Administration Professionals
Moitoring Evaluation and Learning  Manager,Administration Professionals
Moitoring Evaluation and Learning Specialist,Administration Professionals
Monitoring and Evaluation Advisor,Administration Professionals
Monitoring and Evaluation Manager,Administration Professionals
Monitoring and Evaluation Officer,Administration Professionals
Monitoring and Evaluation Specialist,Administration Professionals
Monitoring Evaluation  and Quality Imporvemen Specialist,Administration Professionals
Monitoring Evaluation  and Quality Imporvement Manager,Administration Professionals
Monitoring Evaluation  and Quality Imporvement Officer,Administration Professionals
Monitoring Evaluation  and Quality Imporvement Specialist,Administration Professionals
Prevention and Key Population Tecnical Advisor,Administration Professionals
Prevention Care and  Treatment Project Officer-Cluster Team Lead,Administration Professionals
Prevention Care and  Treatment Technical Advisor,Administration Professionals
Prevention Care and Linkages Project Officer,Administration Professionals
Prevention Techical Advisor,Administration Professionals
"Prevention, Care and Treatment Project Officer",Administration Professionals
"Prevention, Health Community Systems Strenthening Manager",Administration Professionals
Principal Coordinator-SCINE-U,Administration Professionals
Principal Techn Advisor- Projects,Administration Professionals
Procurement and Supply Chain Managent Officer,Administration Professionals
Procurement Officer,Administration Professionals
Program Assistant,Administration Professionals
Program Officer,Administration Professionals
Programs Assistant,Administration Professionals
Project Accountant,Administration Professionals
Project Accounts Assistant,Administration Professionals
Project Assistant,Administration Professionals
Project Assistant ,Administration Professionals
Project Assistant- HIV-TB,Administration Professionals
Project Assistant MDR-TB,Administration Professionals
Project Clinical Officer,Administration Professionals
Project Coordinator,Administration Professionals
Project Director,Administration Professionals
Project Epidemiologist,Administration Professionals
Project Officer - Gender,Administration Professionals
Project officer EMTCT-EID,Administration Professionals
Project Officer- HIV-TB,Administration Professionals
Project Officer- Malaria,Administration Professionals
Project Officer-COVID 19,Administration Professionals
Project Technical Lead Sexual Reproductive and Human Rights,Administration Professionals
Project Vaccination Technical Officer,Administration Professionals
Psycho Social and Community Linkage Officer,Administration Professionals
Psychosociol and Community Linkages Officer,Administration Professionals
Quality improvement and Knowledge Management Manager,Administration Professionals
Quality improvement and Knowledge Management Officer,Administration Professionals
Quality Improvement Specialist,Administration Professionals
Receptionist,Administration Professionals
Receptionist-Records Assistant,Administration Professionals
Records Administrator,Administration Professionals
Records Clerk,Administration Professionals
Regional Project Manager,Administration Professionals
Research Grants and Admin Officer,Administration Professionals
Security Guard,Administration Professionals
Senior Internal Auditor,Administration Professionals
Senior Security Guard,Administration Professionals
Senior technical Advisor,Administration Professionals
Senior Technical Advisor Medical Services,Administration Professionals
Senr technical Advisor Malaria,Administration Professionals
Social Behavioral Change Community Advisor,Administration Professionals
Social Behavioral Change Community Technical Officer,Administration Professionals
Store Keeper,Administration Professionals
VMMC Project Officer,Administration Professionals
Clinical and Linkages Officer,Clinical Professionals
Clinical Linkages Officer,Clinical Professionals
Clinical Officer,Clinical Professionals
Counselor,Clinical Professionals
COVID 19 Technical Advisor,Clinical Professionals
COVID-19 Surveillance Advisor,Clinical Professionals
District TB-HIV Officer,Clinical Professionals
District TB-HIV PO,Clinical Professionals
District TB-HIV project Officer,Clinical Professionals
EMTCT-EID Officer,Clinical Professionals
EMTCT-EID Project Officer,Clinical Professionals
Enrolled Nurse,Clinical Professionals
Enrolled Paediatric Nurse,Clinical Professionals
Gender and Psychosocial Officer,Clinical Professionals
Gender and Psychosocial Technical Advsior,Clinical Professionals
Gender Specialist,Clinical Professionals
"Gender, Community and Psychosocial Officer",Clinical Professionals
HIV Care and Treatment Officer,Clinical Professionals
"HIV,Care and  Treatment Technical Officer",Clinical Professionals
Hub Laboratory Supervisor,Clinical Professionals
Laboratory Assistant,Clinical Professionals
Laboratory Field Mentor,Clinical Professionals
Laboratory Phlebotomist,Clinical Professionals
Laboratory Quality Improvement and Control Officer,Clinical Professionals
Laboratory Services Advisor,Clinical Professionals
Laboratory Support Specialist,Clinical Professionals
Laboratory Support Technical Advsior,Clinical Professionals
Laboratory Technician,Clinical Professionals
Laboratory Technologist,Clinical Professionals
Lead Laboratory Technician,Clinical Professionals
Lead Pharmacy Techinician,Clinical Professionals
Logistics and Supply Chain Officer,Clinical Professionals
Medical Officer,Clinical Professionals
Medical Officer Quality Improvement and Operation Research,Clinical Professionals
Medical Service Technical Lead,Clinical Professionals
Medical Services Technical Lead,Clinical Professionals
Nurse Dispenser,Clinical Professionals
Office Attendant,Clinical Professionals
Paediatric and Adolescents Officer,Clinical Professionals
Paediatric and Adolescents Specialist,Clinical Professionals
Paediatric and Adolescents Technical Officer,Clinical Professionals
Peadiatric and Adolescents Officer,Clinical Professionals
Pharmacy and Logistics Officer,Clinical Professionals
Pharmacy Logistics Officer,Clinical Professionals
Pharmacy Logistics Support Officer,Clinical Professionals
Pharmacy Technician,Clinical Professionals
Pharmarcy Logistics Specilaist,Clinical Professionals
Stores Assistant,Clinical Professionals
Study Coordinator,Clinical Professionals
Study Midwife,Clinical Professionals
Study Nurse,Clinical Professionals
TB Data Assistant,Clinical Professionals
TB HIV Technical Advisor,Clinical Professionals
TB Technical Officer,Clinical Professionals
TB-Capacity Development Advisor,Clinical Professionals
TB-IPC Specialist,Clinical Professionals
,
,
,
,
,
,
,
,
,
,
,
,
,
,
,
,
,
,
,
,
,
,
,
,
,
,
,
,
,
,
,
,
,
,
,
,
,
,
,
,
,
,
,
,
,
,
,
,
,
,
,
,
,
,
,
,
,
,
,
,
,
,
,
,
,
,
,
,
,
,
,
,
,
,
,
,
,
,
,
,
,
,
,
,
,
,
,
,
,
,
,
,
,
,
,
,
,
,
,
,
,
,
,
,
,
,
,
,
,
,
,
,
,
,
,
,
,
,
,
,
,
,
,
,
,
,
,
,
,
,
,
,
,
,
,
,
,
,
,
,
,
,
,
,
,
,
,
,
,
,
,
,
,
,
,
,
,
,
,
,
,
,
